{"acc_med": 9.819123223043267, "acc_mad": 0.09631891299008441, "gyro_med": 0.2989505471634363, "gyro_mad": 0.2924428735784735, "on_th": 3.128194955996444, "off_th": 2.311657437528429, "weights": [0.7, 0.3], "debounce_sec": 10.0, "fs_ds": 1.0, "resample_rule": "1s", "tz": "Asia/Ho_Chi_Minh", "accel_cols": ["Accel_x", "Accel_y", "Accel_z"], "gyro_cols": ["Gyro_x", "Gyro_y", "Gyro_z"], "eps": 1e-06}